Workbook

Sheet Req. Funcionais (RF)
A1: UFCD 10790 – Levantamento de Requisitos Funcionais (RF) | Projeto: TugaScore | Grupo: ___________
A2: Data: 02/06/2026 Versão: 1.0 Formador: ___________________________ Estado geral: Em curso
A4: ID | B4: Nome do Requisito | C4: Descrição Detalhada | D4: Ator / Utilizador | E4: Prioridade | F4: Estado | G4: Critério de Aceitação | H4: Notas / Observações | I4: Módulo
A5: RF01 | B5: Seleção de Divisão | C5: O sistema deve permitir ao utilizador escolher qual a divisão que deseja consultar (Liga Portugal, Liga Portugal 2 ou Liga 3). | D5: Adepto | E5: Alta | F5: Pendente | G5: O utilizador escolhe a liga e o programa abre o menu de opções específico dessa competição. | H5: Menu inicial em texto. | I5: Menus
A6: RF02 | B6: Consulta de Classificação | C6: O sistema deve listar a tabela classificativa atualizada da liga selecionada com Posição, Equipas, Pontos, Jogos, Vitórias, Empates e Derrotas. | D6: Adepto | E6: Alta | F6: Pendente | G6: A tabela deve aparecer ordenada corretamente por pontos (do 1º ao último classificado). | H6: Ordenação automática em Python. | I6: Estatísticas
A7: RF03 | B7: Listagem de Jogos por Jornada | C7: O sistema deve permitir navegar pelas jornadas e listar todos os jogos dessa ronda com os respetivos resultados. | D7: Adepto | E7: Alta | F7: Pendente | G7: O utilizador introduz o número da jornada (ex: 1) e o sistema exibe os jogos e os golos correspondentes. | H7: Dados reais pré-carregados no código. | I7: Calendário
A8: RF04 | B8: Ficha de Jogo Detalhada | C8: Ao selecionar um jogo específico, o sistema deve mostrar os detalhes da partida: marcadores de golos e cartões. | D8: Adepto | E8: Média | F8: Pendente | G8: Mostra os nomes dos jogadores que marcaram os golos e o minuto do acontecimento. | H8: Dados estáticos para os jogos principais. | I8: Calendário
A9: RF05 | B9: Pesquisa de Equipas (Scouting) | C9: O utilizador deve poder pesquisar por uma equipa e ver o resumo do seu desempenho. | D9: Adepto | E9: Média | F9: Pendente | G9: Ao digitar o nome da equipa (ex: "Alverca"), o sistema isola e mostra apenas os dados dessa equipa. | H9: Se não encontrar a equipa, avisa o utilizador. | I9: Pesquisa
A10: RF06 | B10: Histórico de Confrontos (H2H) | C10: O sistema deve permitir escolher duas equipas e mostrar o histórico de resultados anteriores entre elas. | D10: Adepto | E10: Baixa | F10: Pendente | G10: Mostra a contagem de vitórias de cada uma nos confrontos diretos registados na aplicação. | H10: Funcionalidade secundária ("Nice-to-have"). | I10: Pesquisa
A11: RF07 | B11: Linguagem de Implementação | C11: A aplicação deve ser desenvolvida inteiramente na linguagem Python (versão 3.x). | D11: Sistema | E11: Alta | F11: Pendente | G11: O código corre sem erros no interpretador de Python padrão e sem bibliotecas externas complexas. | H11: Requisito pedagógico do stor. | I11: Infraestrutura
A12: RF08 | B12: Interface de Linha de Comandos | C12: A interface com o utilizador deve ser baseada em menus de texto claros e numéricos no terminal. | D12: Adepto | E12: Alta | F12: Pendente | G12: O utilizador consegue navegar por todas as secções da aplicação apenas digitando números (ex: 1, 2, 3, 0 para voltar). | H12: CLI (Command Line Interface). | I12: UX / Interface
A13: RF09 | B13: Validação de Entradas | C13: O sistema deve ser robusto contra erros de digitação do utilizador, impedindo que o programa vá abaixo. | D13: Sistema | E13: Alta | F13: Pendente | G13: Se o utilizador digitar letras num menu que pede números, o sistema mostra "Opção Inválida" e pede nova inserção. | H13: Uso de blocos try/except em Python. | I13: Segurança
A14: RF10 | B14: Desempenho de Consulta | C14: O tempo de resposta ao listar tabelas ou jogos deve ser imediato para garantir uma boa experiência. | D14: Adepto | E14: Média | F14: Pendente | G14: O tempo para exibir qualquer informação no ecrã após o clique deve ser inferior a 1 segundo. | H14: Como os dados são locais, o carregamento é instantâneo. | I14: Desempenho
A15: RF11
A16: RF12
A17: RF13
A18: RF14
A19: RF15
A20: Total de requisitos Funcionais (RF) | E20: =COUNTA(A5:A19) -> 15
A22: Prioridade: Alta = obrigatório para a entrega | Média = importante mas não crítico | Baixa = nice-to-have

Sheet Req. Não Funcionais (RNF)
A1: UFCD 10790 – Levantamento de Requisitos Não Funcionais (RNF) | Projeto: ___________________________ | Grupo: ___________
A2: Data: ___/___/______ Versão: 1.0 Formador: ___________________________ Estado geral: Em curso
A4: ID | B4: Nome do Requisito | C4: Descrição Detalhada | D4: Ator / Utilizador | E4: Prioridade | F4: Estado | G4: Critério de Aceitação | H4: Notas / Observações | I4: Módulo
A5: RNF01 | B5: Desempenho | C5: As páginas devem carregar em menos de 2 segundos em condições normais de utilização. | D5: Todos | E5: Alta | F5: Pendente | G5: Medição com ferramenta de profiling. Tempo médio < 2s em 90% dos casos. | H5: Testar com base de dados de 1000 produtos. | I5: Performance
A6: RNF02 | B6: Segurança de Passwords | C6: As passwords devem ser armazenadas com hash (bcrypt ou equivalente) — nunca em texto simples. | D6: Sistema | E6: Alta | F6: Pendente | G6: Inspecionar a BD: o campo password não contém texto legível. | H6: Usar biblioteca bcrypt do Python. | I6: Segurança
A7: RNF03 | B7: Usabilidade | C7: A interface deve ser intuitiva e utilizável por um utilizador sem formação prévia. | D7: Cliente | E7: Média | F7: Pendente | G7: Utilizador consegue completar uma compra em menos de 5 minutos sem ajuda. | I7: UX
A8: RNF04 | B8: Disponibilidade | C8: O sistema deve estar disponível 99% do tempo em horário laboral (9h-18h, dias úteis). | D8: Todos | E8: Média | F8: Pendente | G8: Monitorização com uptime < 1% de downtime no período de avaliação. | I8: Infraestrutura
A9: RNF05 | B9: Compatibilidade | C9: A aplicação deve funcionar nos browsers Chrome, Firefox e Edge (versões actuais). | D9: Todos | E9: Baixa | F9: Pendente | G9: Testar as funcionalidades principais nos três browsers sem erros visuais. | H9: Não é necessário suporte a Internet Explorer. | I9: Compatibilidade
A10: RNF06 | C10: ← Descreva o requisito de forma clara e verificável | G10: ← Como confirmar que está implementado?
A11: RNF07
A12: RNF08
A13: RNF09
A14: RNF10
A15: RNF11
A16: RNF12
A17: RNF13
A18: Total de requisitos Não Funcionais (RNF) | E18: =COUNTA(A5:A17) -> 13
A20: Prioridade: Alta = obrigatório para a entrega | Média = importante mas não crítico | Baixa = nice-to-have

Sheet Resumo
A1: UFCD 10790 — Resumo do Levantamento de Requisitos
A2: Projeto: ___________________________ | Grupo: ___________ | Data: ___/___/______
A4: Indicador | B4: Funcionais (RF) | C4: Não Funcionais (RNF) | D4: Total
A5: Total de Requisitos | B5: ='Req. Funcionais (RF)'!E20 -> 15 | C5: ='Req. Não Funcionais (RNF)'!E15 | D5: =B5+C5 -> 15
A6: Prioridade Alta | B6: =COUNTIF('Req. Funcionais (RF)'!E5:E19,"Alta") -> 6 | C6: =COUNTIF('Req. Não Funcionais (RNF)'!E5:E14,"Alta") -> 2 | D6: =B6+C6 -> 8
A7: Prioridade Média | B7: =COUNTIF('Req. Funcionais (RF)'!E5:E19,"Média") -> 3 | C7: =COUNTIF('Req. Não Funcionais (RNF)'!E5:E14,"Média") -> 2 | D7: =B7+C7 -> 5
A8: Prioridade Baixa | B8: =COUNTIF('Req. Funcionais (RF)'!E5:E19,"Baixa") -> 1 | C8: =COUNTIF('Req. Não Funcionais (RNF)'!E5:E14,"Baixa") -> 1 | D8: =B8+C8 -> 2
A9: Concluídos | B9: =COUNTIF('Req. Funcionais (RF)'!F5:F18,"Concluído") -> 0 | C9: =COUNTIF('Req. Não Funcionais (RNF)'!F5:F14,"Concluído") -> 0 | D9: =B9+C9 -> 0
A10: Pendentes | B10: =COUNTIF('Req. Funcionais (RF)'!F5:F18,"Pendente") -> 10 | C10: =COUNTIF('Req. Não Funcionais (RNF)'!F5:F14,"Pendente") -> 5 | D10: =B10+C10 -> 15
A11: Em curso | B11: =COUNTIF('Req. Funcionais (RF)'!F5:F18,"Em curso") -> 0 | C11: =COUNTIF('Req. Não Funcionais (RNF)'!F5:F14,"Em curso") -> 0 | D11: =B11+C11 -> 0
